file	format	type	num_seqs	sum_len	min_len	avg_len	max_len	Q1	Q2	Q3	sum_gap	N50	N50_num	Q20(%)	Q30(%)	AvgQual	GC(%)
ALA-Al4-2562181.fastq.gz	FASTQ	DNA	1146264	89055483	25	77.7	123	46.0	73.0	123.0	0	103	13	96.30	91.44	24.85	57.62
ALA-HybJ01-2892539.fastq.gz	FASTQ	DNA	1292293	105249532	25	81.4	123	49.0	80.0	123.0	0	110	6	96.44	91.84	25.00	56.44
ALA-HybJ03-2892503.fastq.gz	FASTQ	DNA	1227385	88687278	25	72.3	123	43.0	65.0	103.0	0	90	26	96.80	92.30	25.43	54.29
ALA-KLS0327-2892561.fastq.gz	FASTQ	DNA	1230268	96938209	25	78.8	123	48.0	75.0	123.0	0	104	12	96.43	91.68	24.99	57.04
ALA-KLS0339-2571096.fastq.gz	FASTQ	DNA	652427	49982107	25	76.6	123	44.0	73.0	123.0	0	101	15	97.49	93.11	26.34	55.69
ALA-KLS0564-R174540-2892378.fastq.gz	FASTQ	DNA	1345591	110789269	25	82.3	123	51.0	82.0	123.0	0	110	6	96.89	92.45	25.53	53.42
ALA-KLS0564-R174540-2892568.fastq.gz	FASTQ	DNA	868114	81049862	25	93.4	123	65.0	103.0	123.0	0	123	1	96.61	91.97	25.19	52.75
ALA-KLS0793-2892513.fastq.gz	FASTQ	DNA	1365142	108763722	25	79.7	123	48.0	77.0	123.0	0	105	11	96.33	91.54	24.88	56.45
ALA-KLS0796-2892514.fastq.gz	FASTQ	DNA	1422644	115249696	25	81.0	123	49.0	80.0	123.0	0	108	8	96.21	91.38	24.75	55.84
ALA-KLS0797-2892471.fastq.gz	FASTQ	DNA	1204328	96994057	25	80.5	123	49.0	78.0	123.0	0	107	9	96.39	91.60	24.94	55.54
ALA-KLS0857-2892463.fastq.gz	FASTQ	DNA	1261576	103256162	25	81.8	123	50.0	82.0	123.0	0	110	6	96.50	91.52	25.06	54.42
ALA-KLS0871-2892523.fastq.gz	FASTQ	DNA	1231918	85145808	25	69.1	123	40.0	60.0	96.0	0	86	30	96.27	91.18	24.80	57.58
ALA-KLS0872-2892526.fastq.gz	FASTQ	DNA	1208273	92937232	25	76.9	123	46.0	72.0	123.0	0	100	16	96.70	92.18	25.31	55.42
ALA-KLS1121-2892381.fastq.gz	FASTQ	DNA	1327178	108407655	25	81.7	123	49.0	81.0	123.0	0	112	4	96.58	91.91	25.16	54.30
ALA-KLS1121-2892571.fastq.gz	FASTQ	DNA	1036635	94725058	25	91.4	123	62.0	100.0	123.0	0	123	1	96.70	92.04	25.30	52.62
ALA-KLS1140-2892558.fastq.gz	FASTQ	DNA	1195507	103134168	25	86.3	123	55.0	89.0	123.0	0	123	1	96.46	91.68	25.02	55.84
ALA-KLS1161-2892441.fastq.gz	FASTQ	DNA	1226134	99328701	25	81.0	123	50.0	80.0	123.0	0	108	8	96.83	92.42	25.46	55.03
ALA-KLS1162-2892512.fastq.gz	FASTQ	DNA	1335482	107499873	25	80.5	123	49.0	78.0	123.0	0	108	8	96.38	91.58	24.93	55.22
ALA-KLS1163-2892427.fastq.gz	FASTQ	DNA	1310735	108955575	25	83.1	123	52.0	83.0	123.0	0	111	5	96.35	91.47	24.90	54.47
ALA-KLS1165-2892485.fastq.gz	FASTQ	DNA	1269899	104637300	25	82.4	123	51.0	82.0	123.0	0	111	5	96.06	91.08	24.60	56.28
ALA-KLS1165-2892580.fastq.gz	FASTQ	DNA	1100071	96438545	25	87.7	123	57.0	92.0	123.0	0	123	1	96.25	91.11	24.78	54.95
ALA-KLS1165-2894771.fastq.gz	FASTQ	DNA	1086165	99020978	25	91.2	123	62.0	99.0	123.0	0	123	1	96.60	91.87	25.17	53.38
ALA-KLS1166-2892541.fastq.gz	FASTQ	DNA	1238395	96769973	25	78.1	123	46.0	74.0	123.0	0	103	13	96.39	91.67	24.94	57.44
ALA-KLS1167-2892484.fastq.gz	FASTQ	DNA	1185498	98107760	25	82.8	123	51.0	84.0	123.0	0	113	3	96.72	92.16	25.33	55.05
ALA-KLS1167-2892579.fastq.gz	FASTQ	DNA	1149156	101930018	25	88.7	123	58.0	94.0	123.0	0	123	1	96.59	91.85	25.17	53.21
ALA-KLS1168-2892413.fastq.gz	FASTQ	DNA	1427030	116193911	25	81.4	123	49.0	80.0	123.0	0	110	6	96.23	91.29	24.77	56.72
ALA-KLS1169-2892448.fastq.gz	FASTQ	DNA	1255608	98448171	25	78.4	123	46.0	75.0	123.0	0	105	11	95.55	89.68	24.09	55.42
ALA-KLS1170-2892511.fastq.gz	FASTQ	DNA	1242013	100816143	25	81.2	123	50.0	80.0	123.0	0	108	8	96.45	91.77	25.02	56.06
ALA-KLS1205-3593357.fastq.gz	FASTQ	DNA	2149126	179813294	25	83.7	126	50.0	84.0	125.0	0	114	13	99.18	97.59	31.61	55.16
ALA-KLS1205-3593429.fastq.gz	FASTQ	DNA	1954660	165040747	25	84.4	124	51.0	88.0	124.0	0	117	8	99.35	98.11	32.45	55.08
ALA-KLS1363-3593317.fastq.gz	FASTQ	DNA	2081585	175991945	25	84.5	126	51.0	85.0	126.0	0	116	11	99.35	98.13	32.42	55.31
ALA-KLS1366-3593364.fastq.gz	FASTQ	DNA	2056204	173034793	25	84.2	126	50.0	85.0	126.0	0	117	10	99.21	97.65	31.72	55.58
ALA-KLS1366-3593436.fastq.gz	FASTQ	DNA	1924408	165317984	25	85.9	126	54.0	88.0	126.0	0	117	10	99.32	98.06	32.28	55.30
ALA-KLS1373-3593328.fastq.gz	FASTQ	DNA	2158359	182714129	25	84.7	126	52.0	86.0	126.0	0	115	12	99.27	97.91	32.02	55.79
ALA-KLS1387-3593387.fastq.gz	FASTQ	DNA	1992856	176882799	25	88.8	124	56.0	96.0	124.0	0	123	2	99.54	98.45	33.49	50.12
ALA-KLS1413-3593365.fastq.gz	FASTQ	DNA	2143659	177864764	25	83.0	126	50.0	82.0	126.0	0	112	15	99.24	97.91	31.93	56.58
ALA-KLS1413-3593437.fastq.gz	FASTQ	DNA	2116067	180594953	25	85.3	128	53.0	86.0	128.0	0	116	13	99.26	97.94	32.00	55.92
ALA-KLS1415-3593359.fastq.gz	FASTQ	DNA	2166624	179660523	25	82.9	124	50.0	83.0	124.0	0	112	13	99.35	98.15	32.45	55.48
ALA-KLS1415-3593431.fastq.gz	FASTQ	DNA	1919479	166165062	25	86.6	124	55.0	90.0	124.0	0	119	6	99.20	97.68	31.69	55.45
ALA-KLS1444-3593398.fastq.gz	FASTQ	DNA	2139066	170861063	25	79.9	125	46.0	78.0	124.0	0	109	17	99.19	97.64	31.64	56.54
ALA-KLS1448-3593341.fastq.gz	FASTQ	DNA	2152679	178909574	25	83.1	125	50.0	83.0	125.0	0	114	12	99.20	97.72	31.71	56.37
ALA-KLS1452-3593342.fastq.gz	FASTQ	DNA	2124189	179828143	25	84.7	128	51.0	85.0	128.0	0	116	13	99.24	97.84	31.89	56.18
ALA-KLS1453-3593336.fastq.gz	FASTQ	DNA	2058470	176037205	25	85.5	124	53.0	89.0	124.0	0	118	7	99.36	98.12	32.48	54.70
ALA-KLS1467-3593390.fastq.gz	FASTQ	DNA	2135732	180605330	25	84.6	124	52.0	87.0	124.0	0	117	8	99.27	97.87	32.02	55.19
ALA-KLS1474-3593384.fastq.gz	FASTQ	DNA	2157557	178739886	25	82.8	124	50.0	83.0	124.0	0	113	12	99.44	98.30	32.91	53.71
ALA-KLS1479-3593389.fastq.gz	FASTQ	DNA	2063380	172200073	25	83.5	125	50.0	84.0	125.0	0	114	12	99.31	98.08	32.26	55.86
ALA-KLS1492-3593391.fastq.gz	FASTQ	DNA	2037015	168843727	25	82.9	124	49.0	83.0	124.0	0	117	8	99.19	97.63	31.63	55.58
ALA-KLS1526-3593366.fastq.gz	FASTQ	DNA	2164463	177830496	25	82.2	124	49.0	82.0	124.0	0	112	13	99.31	98.01	32.22	55.36
ALA-KLS1526-3593438.fastq.gz	FASTQ	DNA	2103607	179762377	25	85.5	128	52.0	86.0	128.0	0	116	13	99.30	97.97	32.20	54.68
ALA-KLS1548-3593373.fastq.gz	FASTQ	DNA	2053521	170362828	25	83.0	126	49.0	82.0	126.0	0	113	14	99.33	98.06	32.32	54.66
ALA-KLS1548-3593445.fastq.gz	FASTQ	DNA	1974983	168581948	25	85.4	126	52.0	88.0	126.0	0	117	10	99.22	97.71	31.80	54.43
ALA-KLS1549-3593354.fastq.gz	FASTQ	DNA	2200165	185980399	25	84.5	128	50.0	84.0	128.0	0	117	12	99.43	98.24	32.85	53.64
ALA-KLS1549-3593426.fastq.gz	FASTQ	DNA	2048169	172566171	25	84.3	124	51.0	86.0	124.0	0	119	6	99.33	97.90	32.27	54.04
ALA-KLS1555-3593323.fastq.gz	FASTQ	DNA	2114772	187049493	25	88.4	127	56.0	91.0	127.0	0	122	6	99.31	97.97	32.25	53.96
ALA-MAGNT-R36654-2562269.fastq.gz	FASTQ	DNA	507585	35337448	25	69.6	123	36.0	60.0	107.0	0	96	20	96.76	92.16	25.37	54.24
ALA-MAGNT-R36654-2571090.fastq.gz	FASTQ	DNA	602376	39535293	25	65.6	123	34.0	54.0	95.0	0	87	29	96.51	91.88	25.08	55.36
ALA-MAGNT-R36654-2583996.fastq.gz	FASTQ	DNA	619286	43096644	25	69.6	123	35.0	60.0	107.0	0	95	21	96.42	91.67	24.98	56.50
ALA-NC_2019_217-2117818.fastq.gz	FASTQ	DNA	978368	55655857	25	56.9	68	44.0	68.0	68.0	0	68	1	97.29	94.13	28.63	54.83
ALA-NC_2019_247-2117816.fastq.gz	FASTQ	DNA	1032766	57624138	25	55.8	68	41.0	68.0	68.0	0	68	1	96.98	93.56	28.23	56.97
ALA-NC_Jan2019_208-2562133.fastq.gz	FASTQ	DNA	1259991	100640760	25	79.9	123	48.0	78.0	123.0	0	105	11	96.83	92.31	25.46	55.68
ALA-NC_Jan2019_213-2892489.fastq.gz	FASTQ	DNA	1342039	105546310	25	78.6	123	47.0	75.0	123.0	0	104	12	96.24	91.28	24.78	57.43
ALA-NC_Jan2019_213-2892584.fastq.gz	FASTQ	DNA	865614	76291392	25	88.1	123	58.0	92.0	123.0	0	123	1	96.71	92.02	25.31	52.23
ALA-NC_Jan2019_213-2894774.fastq.gz	FASTQ	DNA	1094239	91202178	25	83.3	123	53.0	84.0	123.0	0	110	6	96.44	91.60	25.00	53.54
ALA-NC_Jan2019_217-2892446.fastq.gz	FASTQ	DNA	1410476	117288125	25	83.2	123	52.0	84.0	123.0	0	110	6	96.72	92.13	25.32	54.97
ALA-NC_Jan2019_227-2892537.fastq.gz	FASTQ	DNA	1199213	96050836	25	80.1	123	49.0	77.0	123.0	0	106	10	96.70	92.19	25.30	56.62
ALA-NC_Jan2019_247-2892476.fastq.gz	FASTQ	DNA	1306541	104453559	25	79.9	123	48.0	77.0	123.0	0	107	9	96.27	91.41	24.81	56.71
ALA-NC_Jan2019_253-3446972.fastq.gz	FASTQ	DNA	1104225	75914608	25	68.7	124	39.0	60.0	97.0	0	88	37	96.14	90.24	24.64	55.76
ALA-NC_Jan2019_269-3446978.fastq.gz	FASTQ	DNA	1320520	88975296	25	67.4	125	39.0	60.0	91.0	0	83	43	96.49	90.88	25.01	57.28
ALA-NC_Jan2019_271-2892518.fastq.gz	FASTQ	DNA	1268003	102988241	25	81.2	123	49.0	79.0	123.0	0	111	5	96.20	91.21	24.74	56.76
ALA-NC_Jan2019_275-3446981.fastq.gz	FASTQ	DNA	1322968	94516335	25	71.4	126	41.0	65.0	100.0	0	90	37	96.58	90.94	25.11	56.51
ALA-NC_Jan2019_282-2562143.fastq.gz	FASTQ	DNA	1178292	94100478	25	79.9	123	48.0	77.0	123.0	0	106	10	96.84	92.31	25.47	55.12
ALA-NC_Jan2019_282-2583999.fastq.gz	FASTQ	DNA	998323	80317834	25	80.5	123	48.0	78.0	123.0	0	108	8	96.66	91.91	25.24	54.91
ALA-R29880-2562259.fastq.gz	FASTQ	DNA	1086436	85527927	25	78.7	123	48.0	75.0	123.0	0	103	13	96.86	92.18	25.48	55.37
ALA-R29880-2892521.fastq.gz	FASTQ	DNA	1386258	106574137	25	76.9	123	46.0	71.0	123.0	0	101	15	96.21	91.35	24.75	56.39
ALA-R36967-2892426.fastq.gz	FASTQ	DNA	1073655	92810919	25	86.4	123	56.0	89.0	123.0	0	123	1	96.61	91.92	25.19	55.76
ALA-R36974-2892437.fastq.gz	FASTQ	DNA	1069120	83811793	25	78.4	123	48.0	75.0	123.0	0	100	16	96.94	92.51	25.60	55.01
ALA-R37003-2892459.fastq.gz	FASTQ	DNA	1122318	89462526	25	79.7	123	49.0	78.0	123.0	0	102	14	96.39	91.60	24.94	56.11
ALA-R37010-2892460.fastq.gz	FASTQ	DNA	1346248	98823626	25	73.4	123	44.0	67.0	105.0	0	91	25	96.44	91.89	25.01	57.86
ALA-R37025-2892461.fastq.gz	FASTQ	DNA	1310289	108566840	25	82.9	123	52.0	83.0	123.0	0	108	8	96.59	91.83	25.16	53.65
ALA-R37027-2892458.fastq.gz	FASTQ	DNA	1161439	97359376	25	83.8	123	53.0	85.0	123.0	0	109	7	96.31	91.41	24.85	54.13
ALA-R37032-2892401.fastq.gz	FASTQ	DNA	1292138	103599694	25	80.2	123	49.0	78.0	123.0	0	103	13	96.39	91.54	24.94	54.43
ALA-R37034-2892486.fastq.gz	FASTQ	DNA	1201770	98751045	25	82.2	123	51.0	82.0	123.0	0	108	8	96.30	91.28	24.84	55.22
ALA-R37101-2892544.fastq.gz	FASTQ	DNA	1370941	101757639	25	74.2	123	44.0	68.0	109.0	0	95	21	96.04	91.12	24.58	58.66
ALA-R37113-2892490.fastq.gz	FASTQ	DNA	1245399	69028751	25	55.4	123	34.0	49.0	69.0	0	61	55	95.87	91.00	24.41	63.85
ALA-R37116-2892470.fastq.gz	FASTQ	DNA	1210261	82146961	25	67.9	123	39.0	60.0	93.0	0	84	32	96.74	92.36	25.35	59.26
ALA-R37122-2892464.fastq.gz	FASTQ	DNA	1233655	95722070	25	77.6	123	47.0	74.0	123.0	0	100	16	96.64	92.00	25.23	54.35
ALA-R37128-2892424.fastq.gz	FASTQ	DNA	1211467	99490672	25	82.1	123	51.0	82.0	123.0	0	107	9	96.14	91.12	24.68	54.13
ALA-R37140-2892462.fastq.gz	FASTQ	DNA	1275845	99672745	25	78.1	123	48.0	75.0	123.0	0	101	15	96.30	91.37	24.85	55.63
ALA-SS170808-01-2562218.fastq.gz	FASTQ	DNA	1255248	90378752	25	72.0	123	42.0	65.0	102.0	0	90	26	96.75	92.25	25.36	53.88
ALA-SS170808-06-2892529.fastq.gz	FASTQ	DNA	1348804	102844295	25	76.2	123	45.0	71.0	123.0	0	98	18	96.11	91.17	24.64	57.23
ALA-SS170809-01-2892375.fastq.gz	FASTQ	DNA	1184063	92276653	25	77.9	123	47.0	74.0	123.0	0	102	14	96.05	91.10	24.59	54.81
ALA-SS170809-01-2892565.fastq.gz	FASTQ	DNA	1051797	91488104	25	87.0	123	56.0	90.0	123.0	0	123	1	96.62	91.92	25.20	51.52
ALA-SS170809-03-2892475.fastq.gz	FASTQ	DNA	1266587	103721151	25	81.9	123	50.0	82.0	123.0	0	110	6	96.69	92.05	25.29	53.87
ALA-SS170810-01-2892386.fastq.gz	FASTQ	DNA	1258912	101180287	25	80.4	123	49.0	78.0	123.0	0	107	9	96.48	91.84	25.04	55.08
ALA-SS170810-01-2892576.fastq.gz	FASTQ	DNA	1120492	98525404	25	87.9	123	58.0	91.0	123.0	0	123	1	96.90	92.44	25.55	54.10
ALA-SS170813-01-2892422.fastq.gz	FASTQ	DNA	1241987	101792117	25	82.0	123	50.0	82.0	123.0	0	110	6	96.58	91.84	25.15	55.01
ALA-SS170815-01-2892435.fastq.gz	FASTQ	DNA	1223305	101011500	25	82.6	123	51.0	83.0	123.0	0	111	5	96.74	92.20	25.35	54.36
ALA-SS170815-03-2892473.fastq.gz	FASTQ	DNA	1362610	113327631	25	83.2	123	51.0	84.0	123.0	0	112	4	96.59	91.93	25.17	54.34
ALA-SS170815-04-2892440.fastq.gz	FASTQ	DNA	1276249	103681406	25	81.2	123	50.0	80.0	123.0	0	108	8	96.53	91.86	25.10	54.84
ALA-SS170816-01-2562206.fastq.gz	FASTQ	DNA	1236847	104401944	25	84.4	123	54.0	85.0	123.0	0	112	4	96.76	92.02	25.37	53.82
ALA-SS170816-01-2584000.fastq.gz	FASTQ	DNA	1129090	87570132	25	77.6	123	46.0	74.0	123.0	0	101	15	96.66	92.02	25.25	55.38
ALA-SS170816-01-2892493.fastq.gz	FASTQ	DNA	1336415	107406369	25	80.4	123	50.0	78.0	123.0	0	106	10	96.28	91.38	24.82	56.21
ALA-SS170816-01-2892588.fastq.gz	FASTQ	DNA	1030485	89850807	25	87.2	123	57.0	90.0	123.0	0	123	1	96.97	92.60	25.64	52.81
ALA-SS170820-01-2562217.fastq.gz	FASTQ	DNA	889753	64940174	25	73.0	123	43.0	65.0	108.0	0	93	23	97.01	92.62	25.69	55.02
ALA-SS170820-05-2892447.fastq.gz	FASTQ	DNA	1025532	83734516	25	81.6	123	49.0	82.0	123.0	0	110	6	96.87	92.14	25.49	52.46
ALA-SS170822-01-2892494.fastq.gz	FASTQ	DNA	1287296	100714253	25	78.2	123	47.0	75.0	123.0	0	103	13	96.47	91.78	25.03	55.65
ALA-SS170822-01-2892589.fastq.gz	FASTQ	DNA	1173317	100936197	25	86.0	123	55.0	88.0	123.0	0	123	1	96.07	90.97	24.60	53.64
ALA-SS170822-02-2892495.fastq.gz	FASTQ	DNA	1307097	104672549	25	80.1	123	49.0	78.0	123.0	0	107	9	96.47	91.77	25.03	55.45
ALA-SS170822-02-2892590.fastq.gz	FASTQ	DNA	991249	78269953	25	79.0	123	48.0	75.0	123.0	0	105	11	96.40	91.65	24.96	56.69
ALA-SS170822-02-2894775.fastq.gz	FASTQ	DNA	863691	76876901	25	89.0	123	59.0	93.0	123.0	0	123	1	97.01	92.61	25.68	53.36
ALA-SS170822-03-2892528.fastq.gz	FASTQ	DNA	1268420	88915964	25	70.1	123	41.0	61.0	98.0	0	87	29	96.33	91.67	24.88	64.74
ALA-SS170822-03-2894754.fastq.gz	FASTQ	DNA	1195648	91794219	25	76.8	123	46.0	72.0	123.0	0	99	17	96.34	91.57	24.89	62.54
ALA-SS171011-02-2892425.fastq.gz	FASTQ	DNA	1210175	101963723	25	84.3	123	53.0	86.0	123.0	0	111	5	96.91	92.43	25.56	54.12
ALA-SS171011-03-2892496.fastq.gz	FASTQ	DNA	1260661	102042203	25	80.9	123	50.0	79.0	123.0	0	108	8	96.54	91.81	25.11	55.83
ALA-SS171011-03-2892591.fastq.gz	FASTQ	DNA	1101750	93256741	25	84.6	123	53.0	86.0	123.0	0	123	1	96.44	91.66	25.00	54.70
ALA-SS171018-02-2892517.fastq.gz	FASTQ	DNA	1289131	100115277	25	77.7	123	47.0	73.0	123.0	0	101	15	96.38	91.68	24.94	56.05
ALA-SS171025-01-2892506.fastq.gz	FASTQ	DNA	1149043	90068440	25	78.4	123	46.0	75.0	123.0	0	105	11	96.52	91.62	25.08	56.19
ALA-SS171025-02-2892393.fastq.gz	FASTQ	DNA	1197611	97509187	25	81.4	123	48.0	81.0	123.0	0	110	6	96.59	92.00	25.17	54.03
ALA-SS171104-01-2892432.fastq.gz	FASTQ	DNA	1223781	101597513	25	83.0	123	52.0	83.0	123.0	0	111	5	96.66	92.05	25.25	53.24
ALA-SS171105-01-2892472.fastq.gz	FASTQ	DNA	1285818	103447885	25	80.5	123	49.0	78.0	123.0	0	107	9	96.57	91.96	25.15	54.96
ALA-SS171106-02-2892479.fastq.gz	FASTQ	DNA	1214599	97585126	25	80.3	123	49.0	78.0	123.0	0	107	9	96.79	92.27	25.41	55.16
ALA-SS171106-03-2892404.fastq.gz	FASTQ	DNA	1310908	103340045	25	78.8	123	48.0	74.0	123.0	0	104	12	96.85	92.43	25.49	55.63
ALA-UAE275-2892543.fastq.gz	FASTQ	DNA	1137588	90956892	25	80.0	123	47.0	78.0	123.0	0	108	8	96.26	91.34	24.80	56.54
ALA-VU121-2562122.fastq.gz	FASTQ	DNA	1274904	90215612	25	70.8	123	41.0	63.0	100.0	0	88	28	96.89	92.54	25.54	55.14
ALA-VU121-2584014.fastq.gz	FASTQ	DNA	1075560	76027413	25	70.7	123	41.0	63.0	100.0	0	88	28	96.60	92.09	25.19	55.30
ALA-VU130-2562201.fastq.gz	FASTQ	DNA	1087615	88150680	25	81.0	123	48.0	80.0	123.0	0	108	8	96.79	92.14	25.40	52.98
ALA-VU130-2571062.fastq.gz	FASTQ	DNA	691112	54754038	25	79.2	123	47.0	77.0	123.0	0	104	12	96.72	92.05	25.32	52.69
ALA-VU132-2562114.fastq.gz	FASTQ	DNA	1227245	94313394	25	76.8	123	45.0	72.0	123.0	0	101	15	96.72	92.09	25.32	55.82
ALA-VU15-2892510.fastq.gz	FASTQ	DNA	1249791	101844277	25	81.5	123	50.0	80.0	123.0	0	109	7	96.87	92.38	25.50	54.33
ALA-VU20-2892394.fastq.gz	FASTQ	DNA	1183610	98350244	25	83.1	123	52.0	84.0	123.0	0	110	6	96.76	92.29	25.38	54.08
ALA-VU21-2892380.fastq.gz	FASTQ	DNA	1256311	106043802	25	84.4	123	53.0	86.0	123.0	0	123	1	96.77	92.27	25.39	53.28
ALA-VU21-2892570.fastq.gz	FASTQ	DNA	1061697	91768593	25	86.4	123	55.0	89.0	123.0	0	123	1	96.94	92.49	25.59	52.35
ALA-VU33-2892383.fastq.gz	FASTQ	DNA	1208013	98934681	25	81.9	123	50.0	81.0	123.0	0	109	7	96.55	91.85	25.13	55.71
ALA-VU33-2892573.fastq.gz	FASTQ	DNA	1058955	93585397	25	88.4	123	58.0	93.0	123.0	0	123	1	96.59	91.96	25.17	52.82
ALA-VU37-2892482.fastq.gz	FASTQ	DNA	1375250	109188763	25	79.4	123	48.0	76.0	123.0	0	106	10	96.11	91.07	24.64	56.31
ALA-VU47-2892477.fastq.gz	FASTQ	DNA	1331193	109657513	25	82.4	123	50.0	82.0	123.0	0	111	5	96.16	91.09	24.69	54.46
ALA-VU50-2892527.fastq.gz	FASTQ	DNA	1135416	90317423	25	79.5	123	48.0	76.0	123.0	0	106	10	96.23	91.05	24.76	56.26
ALA-VU51-2892500.fastq.gz	FASTQ	DNA	1308859	106770630	25	81.6	123	49.0	80.0	123.0	0	110	6	96.20	91.09	24.73	54.92
ALA-VU53-2892376.fastq.gz	FASTQ	DNA	1191606	96736897	25	81.2	123	49.0	80.0	123.0	0	109	7	96.36	91.51	24.91	54.86
ALA-VU53-2892566.fastq.gz	FASTQ	DNA	970608	83909985	25	86.5	123	56.0	89.0	123.0	0	123	1	96.71	92.14	25.32	51.80
ALA-VU62-2892417.fastq.gz	FASTQ	DNA	1248022	99641057	25	79.8	123	48.0	77.0	123.0	0	106	10	96.59	91.96	25.18	54.13
APO-BD304-2892487.fastq.gz	FASTQ	DNA	1202053	91288077	25	75.9	123	45.0	70.0	123.0	0	98	18	96.55	92.00	25.13	56.89
APO-BD304-2892582.fastq.gz	FASTQ	DNA	1082863	95167882	25	87.9	123	57.0	92.0	123.0	0	123	1	96.57	91.80	25.14	52.42
APO-BD320-2892516.fastq.gz	FASTQ	DNA	1383862	107505912	25	77.7	123	45.0	73.0	123.0	0	104	12	96.53	91.82	25.10	55.42
APO-BD325-2892538.fastq.gz	FASTQ	DNA	1323341	100113651	25	75.7	123	45.0	70.0	123.0	0	98	18	96.01	91.07	24.55	58.03
APO-BD326-2892550.fastq.gz	FASTQ	DNA	1256827	94972383	25	75.6	123	45.0	70.0	112.0	0	96	20	96.40	91.73	24.96	57.12
APO-BD326-2894761.fastq.gz	FASTQ	DNA	1153798	90172812	25	78.2	123	48.0	74.0	123.0	0	101	15	96.83	92.36	25.45	55.08
APO-BD330-2892535.fastq.gz	FASTQ	DNA	1234845	96937783	25	78.5	123	47.0	74.0	123.0	0	104	12	96.16	91.17	24.69	57.10
APO-BD331-2892519.fastq.gz	FASTQ	DNA	1153410	84858520	25	73.6	123	43.0	67.0	108.0	0	93	23	96.74	92.35	25.36	57.79
APO-BD337-2892483.fastq.gz	FASTQ	DNA	1346571	107327075	25	79.7	123	48.0	77.0	123.0	0	107	9	96.29	91.52	24.84	54.61
APO-BD338-2892540.fastq.gz	FASTQ	DNA	1235544	94180039	25	76.2	123	46.0	71.0	123.0	0	98	18	96.32	91.60	24.87	57.66
APO-BD339-2892520.fastq.gz	FASTQ	DNA	1272315	98287268	25	77.3	123	47.0	72.0	123.0	0	101	15	96.46	91.85	25.02	56.32
APO-BD342-2892423.fastq.gz	FASTQ	DNA	1268327	101287866	25	79.9	123	48.0	77.0	123.0	0	107	9	96.36	91.59	24.91	56.78
APO-KLS1002-2562146.fastq.gz	FASTQ	DNA	1198768	98661385	25	82.3	123	50.0	83.0	123.0	0	110	6	96.73	92.09	25.34	53.12
APO-KLS1002-2584015.fastq.gz	FASTQ	DNA	931314	77166571	25	82.9	123	51.0	84.0	123.0	0	109	7	96.71	92.06	25.30	52.57
ATE-HybFa01-2892515.fastq.gz	FASTQ	DNA	1380324	90558635	25	65.6	123	38.0	57.0	89.0	0	81	35	96.61	92.03	25.19	56.68
ATE-HybFa01-2894752.fastq.gz	FASTQ	DNA	1003476	75310895	25	75.1	123	45.0	70.0	108.0	0	95	21	96.31	91.43	24.86	54.64
ATE-KLS1242-3593371.fastq.gz	FASTQ	DNA	2134358	180710319	25	84.7	126	50.0	87.0	126.0	0	118	9	99.18	97.65	31.63	55.86
ATE-KLS1242-3593443.fastq.gz	FASTQ	DNA	2096148	174712797	25	83.3	124	50.0	85.0	124.0	0	114	11	99.28	97.97	32.08	56.08
ATE-KLS1283-3446947.fastq.gz	FASTQ	DNA	1267670	95528957	25	75.4	124	45.0	71.0	107.0	0	96	29	96.02	89.97	24.51	56.43
ATE-SS171020-04-2562233.fastq.gz	FASTQ	DNA	1057955	85460292	25	80.8	123	48.0	80.0	123.0	0	109	7	96.70	91.96	25.29	56.21
ATE-SS171020-04-2584017.fastq.gz	FASTQ	DNA	1046853	81992118	25	78.3	123	47.0	75.0	123.0	0	103	13	96.28	91.39	24.83	56.99
HMA-J84471-2117859.fastq.gz	FASTQ	DNA	982323	52581929	25	53.5	68	37.0	68.0	68.0	0	68	1	97.23	94.02	28.55	57.38
HMA-J87200-2117846.fastq.gz	FASTQ	DNA	1190121	61389093	25	51.6	68	36.0	53.0	68.0	0	68	1	97.16	93.78	28.44	59.21
HMA-J87200-2133113.fastq.gz	FASTQ	DNA	1136277	56100514	25	49.4	68	34.0	47.0	68.0	0	68	1	97.34	94.16	28.68	60.45
HMA-J87202-2117845.fastq.gz	FASTQ	DNA	1222149	63119109	25	51.6	68	36.0	53.0	68.0	0	68	1	97.10	93.71	28.37	57.87
HMA-J88474-2117828.fastq.gz	FASTQ	DNA	1010851	52249701	25	51.7	68	36.0	53.0	68.0	0	68	1	97.65	94.77	29.11	57.63
HMA-J88474-2133095.fastq.gz	FASTQ	DNA	752158	39206250	25	52.1	68	37.0	54.0	68.0	0	68	1	97.37	94.22	28.72	56.90
HMA-J89073-2117861.fastq.gz	FASTQ	DNA	954171	47837622	25	50.1	68	35.0	49.0	68.0	0	68	1	97.35	94.17	28.70	57.01
HMA-KLS0629-2117699.fastq.gz	FASTQ	DNA	1073848	59000980	25	54.9	68	40.0	68.0	68.0	0	68	1	97.11	93.76	28.39	56.00
HMA-KLS0630-2117717.fastq.gz	FASTQ	DNA	1024767	57967261	25	56.6	68	44.0	68.0	68.0	0	68	1	97.06	93.63	28.33	53.66
HMA-KLS0631-2117697.fastq.gz	FASTQ	DNA	1089321	60755500	25	55.8	68	41.0	68.0	68.0	0	68	1	97.24	93.96	28.54	55.96
HMA-KLS0633-2117719.fastq.gz	FASTQ	DNA	1742275	97771164	25	56.1	68	43.0	68.0	68.0	0	68	1	97.06	93.70	28.33	53.74
HMA-KLS0647-2117698.fastq.gz	FASTQ	DNA	1070690	58320470	25	54.5	68	39.0	68.0	68.0	0	68	1	97.12	93.73	28.39	57.88
HMA-KLS0652-2117715.fastq.gz	FASTQ	DNA	1163839	65931544	25	56.7	68	43.0	68.0	68.0	0	68	1	97.61	94.78	29.08	55.23
HMA-KLS0662-2117700.fastq.gz	FASTQ	DNA	943918	52193772	25	55.3	68	40.0	68.0	68.0	0	68	1	96.81	93.12	28.02	57.81
HMA-KLS0676-2117735.fastq.gz	FASTQ	DNA	1448388	84812178	25	58.6	68	48.0	68.0	68.0	0	68	1	97.23	94.01	28.55	52.01
HMA-KLS0762-2117712.fastq.gz	FASTQ	DNA	1219294	66736474	25	54.7	68	39.0	68.0	68.0	0	68	1	97.20	93.90	28.50	56.39
HMA-KLS0798-2117733.fastq.gz	FASTQ	DNA	1026354	57757479	25	56.3	68	43.0	68.0	68.0	0	68	1	96.88	93.29	28.10	57.42
HMA-KLS0799-2117731.fastq.gz	FASTQ	DNA	1214277	67620537	25	55.7	68	41.0	68.0	68.0	0	68	1	97.22	93.96	28.53	56.66
HMA-KLS0801-2117727.fastq.gz	FASTQ	DNA	1381531	78670208	25	56.9	68	44.0	68.0	68.0	0	68	1	97.23	93.97	28.54	54.99
HMA-KLS0808-2117740.fastq.gz	FASTQ	DNA	1123143	62429973	25	55.6	68	40.0	68.0	68.0	0	68	1	96.81	93.18	28.03	55.59
HMA-KLS0813-2117730.fastq.gz	FASTQ	DNA	1211062	67888281	25	56.1	68	41.0	68.0	68.0	0	68	1	97.19	93.92	28.50	54.30
HMA-KLS0898-2117745.fastq.gz	FASTQ	DNA	1130058	58692277	25	51.9	68	36.0	54.0	68.0	0	68	1	97.40	94.22	28.74	65.50
HMA-KLS0901-2117709.fastq.gz	FASTQ	DNA	1053145	58750372	25	55.8	68	41.0	68.0	68.0	0	68	1	97.08	93.67	28.34	57.33
HMA-KLS0913-2117749.fastq.gz	FASTQ	DNA	1031879	57276944	25	55.5	68	40.0	68.0	68.0	0	68	1	97.00	93.50	28.25	58.00
HMA-KLS0933-2117744.fastq.gz	FASTQ	DNA	1361446	73411034	25	53.9	68	38.0	68.0	68.0	0	68	1	96.98	93.51	28.22	57.89
HMA-KLS1016-2117701.fastq.gz	FASTQ	DNA	1047903	58884765	25	56.2	68	41.0	68.0	68.0	0	68	1	97.24	94.02	28.56	57.66
HMA-KLS1017-2117720.fastq.gz	FASTQ	DNA	1358484	78728758	25	58.0	68	46.0	68.0	68.0	0	68	1	96.91	93.35	28.15	53.56
HMA-KLS1020-2117696.fastq.gz	FASTQ	DNA	1170570	66320852	25	56.7	68	43.0	68.0	68.0	0	68	1	97.00	93.53	28.25	57.06
HMA-KLS1379-3593334.fastq.gz	FASTQ	DNA	2167238	178913417	25	82.6	124	49.0	83.0	123.0	0	112	13	99.32	98.03	32.28	54.91
HMA-KLS1416-3593319.fastq.gz	FASTQ	DNA	2244170	186873132	25	83.3	126	49.0	83.0	125.0	0	115	12	99.32	98.04	32.30	55.78
HMA-KLS1421-3593374.fastq.gz	FASTQ	DNA	2163701	180802862	25	83.6	128	49.0	83.0	127.0	0	115	14	99.19	97.62	31.64	55.66
HMA-KLS1514-3593378.fastq.gz	FASTQ	DNA	2053592	171562796	25	83.5	124	49.0	85.0	124.0	0	117	8	99.28	97.86	32.05	54.24
HMA-KLS1522-3593369.fastq.gz	FASTQ	DNA	2207073	183282455	25	83.0	124	49.0	84.0	124.0	0	115	10	99.28	97.89	32.07	55.17
HMA-KLS1522-3593441.fastq.gz	FASTQ	DNA	1989375	169817988	25	85.4	126	50.0	89.0	126.0	0	118	9	99.29	97.87	32.10	54.84
HMA-KLS1538-3593349.fastq.gz	FASTQ	DNA	2147238	178354126	25	83.1	124	49.0	84.0	124.0	0	114	11	99.30	97.93	32.17	54.87
HMA-KLS1553-3593325.fastq.gz	FASTQ	DNA	2059169	177372967	25	86.1	128	52.0	89.0	128.0	0	117	12	99.27	97.81	32.00	54.52
HMA-KLS1554-3593316.fastq.gz	FASTQ	DNA	2115054	178990532	25	84.6	124	51.0	88.0	124.0	0	117	8	99.29	97.91	32.12	54.96
HMA-MAGNT-R36643-2117742.fastq.gz	FASTQ	DNA	1072959	61146576	25	57.0	68	44.0	68.0	68.0	0	68	1	97.02	93.61	28.28	55.49
HMA-NC_166-2117725.fastq.gz	FASTQ	DNA	1085213	60985373	25	56.2	68	43.0	68.0	68.0	0	68	1	97.03	93.64	28.30	56.75
HMA-NC_167-2117726.fastq.gz	FASTQ	DNA	980826	56762539	25	57.9	68	46.0	68.0	68.0	0	68	1	97.45	94.45	28.85	52.87
HMA-NC_169-2117729.fastq.gz	FASTQ	DNA	1378799	75557548	25	54.8	68	39.0	68.0	68.0	0	68	1	97.02	93.62	28.28	58.77
HMA-NC_173-2117703.fastq.gz	FASTQ	DNA	1408448	79241568	25	56.3	68	43.0	68.0	68.0	0	68	1	97.23	94.00	28.54	54.80
HMA-NC_174-2117743.fastq.gz	FASTQ	DNA	1500218	85923417	25	57.3	68	45.0	68.0	68.0	0	68	1	97.14	93.84	28.43	54.81
HMA-NC_176-2117714.fastq.gz	FASTQ	DNA	842092	46595659	25	55.3	68	40.0	68.0	68.0	0	68	1	97.03	93.62	28.28	58.30
HMA-NC_179-2117695.fastq.gz	FASTQ	DNA	1172444	66894095	25	57.1	68	44.0	68.0	68.0	0	68	1	97.53	94.59	28.96	55.21
HMA-NC_180-2117713.fastq.gz	FASTQ	DNA	1187918	67347573	25	56.7	68	44.0	68.0	68.0	0	68	1	97.13	93.76	28.41	55.91
HMA-NC_181-2117711.fastq.gz	FASTQ	DNA	1209436	71339642	25	59.0	68	49.0	68.0	68.0	0	68	1	97.43	94.41	28.82	53.91
HMA-NC_189-2117710.fastq.gz	FASTQ	DNA	1070024	58413807	25	54.6	68	39.0	68.0	68.0	0	68	1	97.02	93.59	28.27	56.97
HMA-R154981-2117752.fastq.gz	FASTQ	DNA	1309718	67856245	25	51.8	68	36.0	54.0	68.0	0	68	1	97.08	93.61	28.33	61.43
HMA-R29873-2117819.fastq.gz	FASTQ	DNA	1086400	60562118	25	55.7	68	41.0	68.0	68.0	0	68	1	96.78	93.09	27.99	55.62
HMA-R29875-2117836.fastq.gz	FASTQ	DNA	989771	54211832	25	54.8	68	39.0	68.0	68.0	0	68	1	97.28	94.04	28.60	56.35
HMA-R36496-2117767.fastq.gz	FASTQ	DNA	1382610	78863846	25	57.0	68	44.0	68.0	68.0	0	68	1	97.35	94.18	28.70	55.20
HMA-R36496-2133034.fastq.gz	FASTQ	DNA	982120	55895011	25	56.9	68	44.0	68.0	68.0	0	68	1	97.23	93.99	28.54	54.41
HMA-R36640-2117798.fastq.gz	FASTQ	DNA	1135791	62838749	25	55.3	68	40.0	68.0	68.0	0	68	1	97.23	94.00	28.54	57.27
HMA-R36656-2117844.fastq.gz	FASTQ	DNA	1046143	56523640	25	54.0	68	38.0	68.0	68.0	0	68	1	97.03	93.54	28.27	58.46
HMA-R36660-2117840.fastq.gz	FASTQ	DNA	1060511	60101762	25	56.7	68	43.0	68.0	68.0	0	68	1	97.21	93.96	28.52	54.38
HMA-R36982-2117760.fastq.gz	FASTQ	DNA	1206726	62530066	25	51.8	68	36.0	54.0	68.0	0	68	1	96.80	93.08	28.00	62.88
HMA-R36982-2133027.fastq.gz	FASTQ	DNA	966929	50216828	25	51.9	68	36.0	54.0	68.0	0	68	1	96.95	93.33	28.17	63.70
HMA-R37004-2117761.fastq.gz	FASTQ	DNA	1170886	60065067	25	51.3	68	35.0	52.0	68.0	0	68	1	97.16	93.79	28.44	58.76
HMA-R37004-2133028.fastq.gz	FASTQ	DNA	913121	47917844	25	52.5	68	37.0	54.0	68.0	0	68	1	97.08	93.62	28.34	60.53
HMA-R37005-2117762.fastq.gz	FASTQ	DNA	1266584	67532923	25	53.3	68	37.0	57.0	68.0	0	68	1	96.97	93.45	28.20	60.08
HMA-R37005-2133029.fastq.gz	FASTQ	DNA	997187	54317979	25	54.5	68	39.0	68.0	68.0	0	68	1	97.16	93.78	28.43	58.79
HMA-R37023-2117763.fastq.gz	FASTQ	DNA	1075526	56323614	25	52.4	68	35.0	55.0	68.0	0	68	1	97.07	93.60	28.32	65.81
HMA-R37023-2133030.fastq.gz	FASTQ	DNA	901121	46714506	25	51.8	68	36.0	53.0	68.0	0	68	1	96.89	93.20	28.09	66.92
HMA-R37031-2117764.fastq.gz	FASTQ	DNA	1089589	59785833	25	54.9	68	39.0	68.0	68.0	0	68	1	96.78	93.08	27.99	56.33
HMA-R37031-2133031.fastq.gz	FASTQ	DNA	1011014	57066952	25	56.4	68	43.0	68.0	68.0	0	68	1	96.76	93.04	27.97	55.36
HMA-R37037-2117765.fastq.gz	FASTQ	DNA	1096883	60971893	25	55.6	68	40.0	68.0	68.0	0	68	1	96.87	93.24	28.09	58.32
HMA-R37037-2133032.fastq.gz	FASTQ	DNA	971639	55756938	25	57.4	68	45.0	68.0	68.0	0	68	1	96.94	93.43	28.19	56.06
HMA-R37138-2117766.fastq.gz	FASTQ	DNA	1034758	56048967	25	54.2	68	38.0	68.0	68.0	0	68	1	96.90	93.29	28.12	58.91
HMA-R37138-2133033.fastq.gz	FASTQ	DNA	1013807	55291868	25	54.5	68	39.0	68.0	68.0	0	68	1	97.08	93.67	28.35	57.15
HMA-SS170809_02-2117728.fastq.gz	FASTQ	DNA	1325339	72371807	25	54.6	68	39.0	68.0	68.0	0	68	1	97.14	93.80	28.42	55.83
HMA-SS170812_01-2117751.fastq.gz	FASTQ	DNA	1215319	64351893	25	53.0	68	36.0	57.0	68.0	0	68	1	97.06	93.59	28.31	60.28
HMA-SS170814_02-2117746.fastq.gz	FASTQ	DNA	1160193	61549931	25	53.1	68	37.0	57.0	68.0	0	68	1	97.10	93.69	28.37	63.61
HMA-SS170818_01-2117748.fastq.gz	FASTQ	DNA	928650	50573886	25	54.5	68	38.0	68.0	68.0	0	68	1	97.08	93.65	28.35	58.66
HMA-SS170820_01-2117747.fastq.gz	FASTQ	DNA	1119256	59749840	25	53.4	68	37.0	68.0	68.0	0	68	1	97.30	94.00	28.62	62.19
HMA-SS171024_01-2117723.fastq.gz	FASTQ	DNA	1257794	68928952	25	54.8	68	39.0	68.0	68.0	0	68	1	97.45	94.39	28.83	57.38
HMA-VU46-2117754.fastq.gz	FASTQ	DNA	933753	48928565	25	52.4	68	37.0	54.0	68.0	0	68	1	97.39	94.31	28.76	54.22
HMA-VU55-2117702.fastq.gz	FASTQ	DNA	981930	55657347	25	56.7	68	43.0	68.0	68.0	0	68	1	97.09	93.70	28.36	55.15
HMA-VU61-2117705.fastq.gz	FASTQ	DNA	1265691	71671571	25	56.6	68	43.0	68.0	68.0	0	68	1	97.00	93.55	28.25	56.06
HMA-WAMR154978-2117736.fastq.gz	FASTQ	DNA	495370	24139441	25	48.7	68	33.0	46.0	68.0	0	68	1	97.48	94.44	28.89	57.62
HMA-WAM-R154978-2562207.fastq.gz	FASTQ	DNA	1450075	108580065	25	74.9	123	44.0	69.0	110.0	0	95	21	96.64	92.08	25.23	56.41
HMA-WAM-R154978-2584005.fastq.gz	FASTQ	DNA	1059628	74547913	25	70.4	123	40.0	62.0	101.0	0	89	27	96.80	92.38	25.43	57.89
HMA-WAM-R154980-2562264.fastq.gz	FASTQ	DNA	1074451	76766762	25	71.4	123	42.0	64.0	102.0	0	90	26	97.07	92.81	25.77	57.08
HMA-WAM-R154981-2562169.fastq.gz	FASTQ	DNA	1267031	88097876	25	69.5	123	40.0	61.0	98.0	0	86	30	96.47	91.77	25.03	57.60
HST-J82337-2562260.fastq.gz	FASTQ	DNA	864695	65841772	25	76.1	123	42.0	71.0	123.0	0	104	12	96.86	92.27	25.49	54.59
HST-KLS0360-2562274.fastq.gz	FASTQ	DNA	645129	40673869	25	63.0	123	32.0	50.0	93.0	0	87	29	96.84	92.46	25.47	56.68
HST-KLS0360-2584024.fastq.gz	FASTQ	DNA	593376	36593413	25	61.7	123	33.0	49.0	87.0	0	81	35	96.89	92.64	25.55	59.03
HST-KLS0362-2562256.fastq.gz	FASTQ	DNA	722927	52921217	25	73.2	123	39.0	66.0	112.0	0	100	16	96.99	92.59	25.66	55.37
HST-KLS0490-2892498.fastq.gz	FASTQ	DNA	1216857	90230517	25	74.2	123	43.0	68.0	108.0	0	95	21	96.58	91.87	25.16	57.79
HST-KLS0490-2892593.fastq.gz	FASTQ	DNA	1142535	94916156	25	83.1	123	52.0	83.0	123.0	0	109	7	96.78	92.23	25.39	54.20
HST-KLS0527-2892409.fastq.gz	FASTQ	DNA	1182458	97742301	25	82.7	123	51.0	82.0	123.0	0	110	6	96.45	91.57	25.00	53.10
HST-KLS0528-2892531.fastq.gz	FASTQ	DNA	1274835	101566296	25	79.7	123	47.0	77.0	123.0	0	106	10	96.64	92.02	25.23	55.61
HST-KLS0559-2892377.fastq.gz	FASTQ	DNA	1212456	93215161	25	76.9	123	45.0	72.0	123.0	0	102	14	97.02	92.64	25.70	55.48
HST-KLS0559-2892567.fastq.gz	FASTQ	DNA	1099728	94537448	25	86.0	123	55.0	88.0	123.0	0	123	1	96.78	92.18	25.39	52.83
HST-KLS0566-2892525.fastq.gz	FASTQ	DNA	1267771	98882772	25	78.0	123	45.0	74.0	123.0	0	104	12	96.62	92.00	25.21	55.70
HST-KLS0573-2892480.fastq.gz	FASTQ	DNA	1289074	95945670	25	74.4	123	43.0	68.0	110.0	0	95	21	96.49	91.67	25.05	56.61
HST-KLS0604-2892450.fastq.gz	FASTQ	DNA	1247664	88352896	25	70.8	123	41.0	63.0	101.0	0	88	28	96.83	92.49	25.47	55.02
HST-KLS0634-2892478.fastq.gz	FASTQ	DNA	1285552	106479761	25	82.8	123	51.0	83.0	123.0	0	110	6	96.82	92.28	25.44	55.40
HST-KLS0635-2562180.fastq.gz	FASTQ	DNA	1142060	90945068	25	79.6	123	48.0	77.0	123.0	0	105	11	96.69	92.01	25.28	54.09
HST-KLS0636-2562216.fastq.gz	FASTQ	DNA	1391780	111003847	25	79.8	123	48.0	77.0	123.0	0	104	12	96.71	92.05	25.31	53.88
HST-KLS0660-2892454.fastq.gz	FASTQ	DNA	1254117	85457917	25	68.1	123	39.0	59.0	95.0	0	85	35	96.52	91.87	25.09	59.29
HST-KLS0675-2892455.fastq.gz	FASTQ	DNA	1246979	98303346	25	78.8	123	46.0	75.0	123.0	0	105	11	96.62	92.01	25.21	55.36
HST-KLS0677-2892491.fastq.gz	FASTQ	DNA	1253920	98987815	25	78.9	123	47.0	75.0	123.0	0	105	11	96.65	91.95	25.24	55.18
HST-KLS0677-2892586.fastq.gz	FASTQ	DNA	1076975	94634412	25	87.9	123	57.0	92.0	123.0	0	123	1	96.70	91.95	25.29	50.75
HST-KLS0678-2892468.fastq.gz	FASTQ	DNA	1234674	97850235	25	79.3	123	47.0	76.0	123.0	0	106	10	96.76	92.17	25.37	55.82
HST-KLS0679-2892438.fastq.gz	FASTQ	DNA	1262502	98453340	25	78.0	123	46.0	74.0	123.0	0	103	13	96.71	92.21	25.32	55.29
HST-KLS0680-2892474.fastq.gz	FASTQ	DNA	1263343	97307611	25	77.0	123	45.0	72.0	123.0	0	103	13	97.23	93.07	25.99	54.83
HST-KLS0681-2892443.fastq.gz	FASTQ	DNA	1219075	94727407	25	77.7	123	45.0	73.0	123.0	0	103	13	96.94	92.45	25.59	53.58
HST-KLS0682-2892504.fastq.gz	FASTQ	DNA	1269675	100053987	25	78.8	123	47.0	75.0	123.0	0	104	12	96.63	92.02	25.22	54.86
HST-KLS0686-2892505.fastq.gz	FASTQ	DNA	1244034	96389881	25	77.5	123	46.0	73.0	123.0	0	102	14	96.89	92.47	25.54	55.69
HST-KLS0687-2892451.fastq.gz	FASTQ	DNA	1217148	98665129	25	81.1	123	49.0	79.0	123.0	0	108	8	96.90	92.44	25.55	53.24
HST-KLS0794-2562199.fastq.gz	FASTQ	DNA	1192238	99629578	25	83.6	123	51.0	84.0	123.0	0	123	1	96.74	92.05	25.34	53.65
HST-KLS0795-2892379.fastq.gz	FASTQ	DNA	1356222	110979706	25	81.8	123	49.0	81.0	123.0	0	110	6	96.91	92.43	25.55	53.69
HST-KLS0795-2892569.fastq.gz	FASTQ	DNA	886618	83254235	25	93.9	123	66.0	106.0	123.0	0	123	1	97.01	92.48	25.68	50.00
HST-KLS0795-2894769.fastq.gz	FASTQ	DNA	906721	84280941	25	93.0	123	66.0	103.0	123.0	0	123	1	96.46	91.45	25.01	50.22
HST-KLS0804-2892392.fastq.gz	FASTQ	DNA	1267411	100770564	25	79.5	123	47.0	77.0	123.0	0	106	10	96.43	91.67	24.99	54.79
HST-KLS0843-2892452.fastq.gz	FASTQ	DNA	1378776	109791892	25	79.6	123	48.0	77.0	123.0	0	104	12	96.64	92.03	25.23	53.78
HST-KLS0847-2892542.fastq.gz	FASTQ	DNA	1138593	68824988	25	60.4	123	35.0	51.0	77.0	0	72	44	97.20	93.07	25.95	56.71
HST-KLS0858-2892456.fastq.gz	FASTQ	DNA	1242115	106069892	25	85.4	123	54.0	87.0	123.0	0	123	1	96.44	91.32	24.98	53.12
HST-KLS0883-2892509.fastq.gz	FASTQ	DNA	1349077	107501465	25	79.7	123	47.0	77.0	123.0	0	107	9	96.70	92.22	25.30	56.33
HST-KLS0886-2892390.fastq.gz	FASTQ	DNA	1437419	104073944	25	72.4	123	42.0	65.0	106.0	0	92	24	96.75	92.22	25.36	57.49
HST-KLS0896-2892403.fastq.gz	FASTQ	DNA	1289160	104826271	25	81.3	123	48.0	80.0	123.0	0	109	7	96.86	92.39	25.49	55.59
HST-KLS0897-2892551.fastq.gz	FASTQ	DNA	1196121	86606625	25	72.4	123	42.0	66.0	105.0	0	91	25	96.34	91.52	24.89	61.33
HST-KLS0897-2894762.fastq.gz	FASTQ	DNA	648630	52693388	25	81.2	123	48.0	78.0	123.0	0	109	7	96.81	92.21	25.42	57.73
HST-KLS0923-2892400.fastq.gz	FASTQ	DNA	1246776	104927049	25	84.2	123	52.0	85.0	123.0	0	123	1	96.76	92.22	25.37	53.57
HST-KLS0938-2892388.fastq.gz	FASTQ	DNA	1174122	98675099	25	84.0	123	52.0	85.0	123.0	0	123	1	97.07	92.69	25.76	51.90
HST-KLS0938-2892578.fastq.gz	FASTQ	DNA	874181	83884569	25	96.0	123	69.0	110.0	123.0	0	123	1	96.61	91.92	25.20	51.28
HST-KLS0938-2894770.fastq.gz	FASTQ	DNA	777182	73245884	25	94.2	123	66.0	107.0	123.0	0	123	1	96.36	91.24	24.90	50.62
HST-KLS0941-2892545.fastq.gz	FASTQ	DNA	1054370	77726040	25	73.7	123	43.0	68.0	107.0	0	92	24	96.64	92.05	25.23	59.38
HST-KLS0983-2892406.fastq.gz	FASTQ	DNA	1335847	109540955	25	82.0	123	49.0	81.0	123.0	0	111	5	96.74	92.17	25.34	55.11
HST-KLS0986-2892407.fastq.gz	FASTQ	DNA	1183983	94361218	25	79.7	123	47.0	77.0	123.0	0	107	9	96.58	91.90	25.16	54.12
HST-KLS1157-3593388.fastq.gz	FASTQ	DNA	2043183	173843858	25	85.1	126	50.0	88.0	126.0	0	118	9	99.28	97.86	32.07	54.75
HST-KLS1158-3593383.fastq.gz	FASTQ	DNA	2137107	176315258	25	82.5	124	49.0	82.0	124.0	0	112	13	99.31	98.01	32.23	55.33
HST-KLS1159-3593340.fastq.gz	FASTQ	DNA	2139683	184234112	25	86.1	128	51.0	88.0	128.0	0	119	10	99.14	97.45	31.42	54.87
HST-KLS1173-2892444.fastq.gz	FASTQ	DNA	1249675	102721613	25	82.2	123	50.0	82.0	123.0	0	111	5	96.72	92.14	25.32	54.24
HST-KLS1182-2892449.fastq.gz	FASTQ	DNA	1463023	120156371	25	82.1	123	50.0	81.0	123.0	0	110	6	96.96	92.49	25.62	54.31
HST-KLS1200-2892434.fastq.gz	FASTQ	DNA	1185744	97193066	25	82.0	123	49.0	81.0	123.0	0	111	5	96.70	92.12	25.30	55.18
HST-KLS1204-2892421.fastq.gz	FASTQ	DNA	1277217	104061820	25	81.5	123	49.0	80.0	123.0	0	110	6	96.62	91.93	25.20	55.01
HST-KLS1204-3593361.fastq.gz	FASTQ	DNA	2176880	181917250	25	83.6	128	49.0	83.0	126.0	0	115	14	99.37	98.20	32.55	55.67
HST-KLS1204-3593433.fastq.gz	FASTQ	DNA	1942469	165865001	25	85.4	126	51.0	88.0	126.0	0	117	10	99.36	98.14	32.48	55.60
HST-KLS1206-2892416.fastq.gz	FASTQ	DNA	1232735	99976520	25	81.1	123	49.0	79.0	123.0	0	110	6	96.64	91.95	25.22	54.29
HST-KLS1206-3593330.fastq.gz	FASTQ	DNA	2050852	178249712	25	86.9	124	54.0	92.0	124.0	0	120	5	99.32	97.98	32.28	54.14
HST-KLS1227-2892412.fastq.gz	FASTQ	DNA	1156495	95923011	25	82.9	123	50.0	83.0	123.0	0	123	1	96.93	92.44	25.58	54.49
HST-KLS1273-2892431.fastq.gz	FASTQ	DNA	1096093	89726666	25	81.9	123	49.0	81.0	123.0	0	110	6	96.51	91.72	25.08	54.43
HST-KLS1274-2892410.fastq.gz	FASTQ	DNA	1182545	98861337	25	83.6	123	51.0	85.0	123.0	0	123	1	96.79	92.15	25.40	53.37
HST-KLS1367-3593339.fastq.gz	FASTQ	DNA	2180605	180162226	25	82.6	124	49.0	82.0	124.0	0	113	12	99.33	98.07	32.32	55.09
HST-KLS1369-3593347.fastq.gz	FASTQ	DNA	2023762	169737695	25	83.9	125	51.0	85.0	125.0	0	114	12	99.21	97.66	31.72	55.24
HST-KLS1370-3593333.fastq.gz	FASTQ	DNA	2149161	181693192	25	84.5	128	50.0	84.0	127.0	0	115	14	99.26	97.88	31.98	55.41
HST-KLS1371-3593312.fastq.gz	FASTQ	DNA	2252221	189192713	25	84.0	124	50.0	86.0	124.0	0	117	8	99.16	97.55	31.50	55.37
HST-KLS1372-3593318.fastq.gz	FASTQ	DNA	2144414	182223991	25	85.0	128	51.0	85.0	128.0	0	116	13	99.28	97.94	32.09	55.42
HST-KLS1380-3593381.fastq.gz	FASTQ	DNA	2056884	173677077	25	84.4	124	51.0	87.0	124.0	0	115	10	99.30	97.94	32.16	54.67
HST-KLS1384-3593379.fastq.gz	FASTQ	DNA	2114870	182072296	25	86.1	126	51.0	90.0	126.0	0	120	7	99.24	97.78	31.88	55.07
HST-KLS1385-3593310.fastq.gz	FASTQ	DNA	2273497	191409046	25	84.2	125	50.0	86.0	125.0	0	117	9	99.21	97.71	31.76	55.17
HST-KLS1412-3593322.fastq.gz	FASTQ	DNA	2029411	165714291	25	81.7	124	48.0	80.0	123.0	0	111	14	99.17	97.51	31.53	55.10
HST-KLS1414-3593346.fastq.gz	FASTQ	DNA	2055448	175601504	25	85.4	124	51.0	90.0	124.0	0	120	5	99.26	97.74	31.93	54.82
HST-KLS1417-3593370.fastq.gz	FASTQ	DNA	2050408	169020029	25	82.4	126	48.0	81.0	125.0	0	112	15	99.34	98.15	32.42	55.70
HST-KLS1417-3593442.fastq.gz	FASTQ	DNA	1922074	162936981	25	84.8	124	51.0	88.0	124.0	0	117	8	99.19	97.62	31.64	55.36
HST-KLS1418-3593309.fastq.gz	FASTQ	DNA	2005936	166932819	25	83.2	126	49.0	82.0	126.0	0	114	13	99.32	98.10	32.31	56.19
HST-KLS1419-3593306.fastq.gz	FASTQ	DNA	2175996	185644447	25	85.3	126	51.0	88.0	126.0	0	118	9	99.23	97.77	31.84	55.30
HST-KLS1420-3593353.fastq.gz	FASTQ	DNA	2172423	181806637	25	83.7	126	50.0	83.0	126.0	0	114	13	99.34	98.11	32.40	55.47
HST-KLS1422-3593399.fastq.gz	FASTQ	DNA	2054554	164323931	25	80.0	125	46.0	77.0	123.0	0	108	18	99.28	97.95	32.09	56.54
HST-KLS1424-3593329.fastq.gz	FASTQ	DNA	2115630	180728827	25	85.4	125	51.0	89.0	125.0	0	118	8	99.22	97.72	31.77	55.17
HST-KLS1429-3593311.fastq.gz	FASTQ	DNA	2100804	180754043	25	86.0	124	52.0	91.0	124.0	0	120	5	99.12	97.45	31.37	54.94
HST-KLS1515-3593385.fastq.gz	FASTQ	DNA	2170515	179805004	25	82.8	124	50.0	83.0	124.0	0	113	12	99.32	98.00	32.25	54.58
HST-KLS1517-3593355.fastq.gz	FASTQ	DNA	2100100	173716074	25	82.7	124	50.0	83.0	124.0	0	112	13	99.37	98.17	32.53	55.19
HST-KLS1517-3593427.fastq.gz	FASTQ	DNA	2061803	178553357	25	86.6	126	53.0	90.0	126.0	0	119	8	99.35	98.08	32.42	54.43
HST-KLS1528-3593321.fastq.gz	FASTQ	DNA	2107936	177427566	25	84.2	126	49.0	85.0	126.0	0	118	9	99.22	97.65	31.76	54.58
HST-KLS1541-3593313.fastq.gz	FASTQ	DNA	2050704	158984049	25	77.5	125	43.0	73.0	122.0	0	107	19	99.36	98.13	32.49	56.15
HST-KLS1544-3593344.fastq.gz	FASTQ	DNA	2083722	175211681	25	84.1	124	51.0	86.0	124.0	0	116	9	99.34	98.05	32.37	54.53
HST-KLS1556-3593324.fastq.gz	FASTQ	DNA	2090288	176360658	25	84.4	124	51.0	87.0	124.0	0	116	9	99.32	98.03	32.29	55.16
HST-MT177-2892428.fastq.gz	FASTQ	DNA	815733	65704870	25	80.5	123	50.0	78.0	123.0	0	103	13	96.52	91.75	25.08	53.73
HST-MT215-2892384.fastq.gz	FASTQ	DNA	1251445	103340681	25	82.6	123	52.0	81.0	123.0	0	107	9	96.34	91.39	24.88	53.70
HST-MW04488-2562113.fastq.gz	FASTQ	DNA	1201118	90609615	25	75.4	123	44.0	70.0	112.0	0	99	17	96.91	92.49	25.56	56.71
HST-MW04720-2562110.fastq.gz	FASTQ	DNA	1316869	97940029	25	74.4	123	43.0	68.0	110.0	0	95	21	96.80	92.35	25.43	56.47
HST-MW04726-2562119.fastq.gz	FASTQ	DNA	1321383	90581543	25	68.6	123	40.0	60.0	95.0	0	85	31	96.65	92.20	25.24	56.11
HST-MW04726-2583998.fastq.gz	FASTQ	DNA	1034086	71601388	25	69.2	123	40.0	61.0	98.0	0	87	29	97.07	92.80	25.77	54.56
HST-SS170814-01-2562208.fastq.gz	FASTQ	DNA	1351979	108539202	25	80.3	123	48.0	78.0	123.0	0	107	9	96.76	92.06	25.37	51.73
HST-SS170814-01-2584010.fastq.gz	FASTQ	DNA	1028278	79836552	25	77.6	123	45.0	73.0	123.0	0	103	13	96.82	92.27	25.45	54.27
HST-SS170820-02-2892469.fastq.gz	FASTQ	DNA	1272831	103116058	25	81.0	123	49.0	79.0	123.0	0	108	8	96.91	92.53	25.57	56.97
HST-VU116-2892391.fastq.gz	FASTQ	DNA	1212240	103164165	25	85.1	123	53.0	87.0	123.0	0	123	1	97.18	92.84	25.92	54.21
HST-VU127-2562116.fastq.gz	FASTQ	DNA	1252409	94067973	25	75.1	123	43.0	70.0	123.0	0	98	18	96.65	92.04	25.24	56.74
HST-VU135-2892457.fastq.gz	FASTQ	DNA	1133671	95228371	25	84.0	123	52.0	85.0	123.0	0	113	3	96.95	92.47	25.60	50.00
HST-VU141-2562238.fastq.gz	FASTQ	DNA	1011696	81283933	25	80.3	123	48.0	78.0	123.0	0	107	9	96.43	91.04	24.97	53.92
HST-VU143-2892418.fastq.gz	FASTQ	DNA	1230784	98492082	25	80.0	123	48.0	77.0	123.0	0	107	9	96.49	91.67	25.05	54.46
HST-VU38-2892414.fastq.gz	FASTQ	DNA	1283826	105582432	25	82.2	123	50.0	82.0	123.0	0	111	5	96.23	91.30	24.77	53.98
